Unite_administrative;Annee;Trimestre;Appel_propose;Appel_traite;Abandon;Appel_sortie;Stat_traite;Stat_rejet;Norme_visee_rejet
ANJ;2020;T1;3016;2867;11;138;95,10%;4,90%;0,50%
CDN;2020;T1;614;439;2;173;71,50%;28,50%;0,50%
CS311;2020;T1;13204;13002;31;171;98,50%;1,50%;0,50%
IBSG;2020;T1;63;10;0;53;15,90%;84,10%;0,50%
LAC;2020;T1;1651;580;22;1049;35,10%;64,90%;0,50%
LAS;2020;T1;1633;1622;2;9;99,30%;0,70%;0,50%
MHM;2020;T1;981;959;1;21;97,80%;2,20%;0,50%
OUT;2020;T1;120;108;0;12;90,00%;10,00%;0,50%
RDP;2020;T1;3888;2560;48;1280;65,80%;34,20%;0,50%
RPP;2020;T1;2970;2871;9;90;96,70%;3,30%;0,50%
SL;2020;T1;6340;6293;4;43;99,30%;0,70%;0,50%
SLÉ;2020;T1;1055;1035;2;18;98,10%;1,90%;0,50%
S-O;2020;T1;3749;3730;8;11;99,50%;0,50%;0,50%
ANJ;2020;T2;5066;4898;24;144;96,70%;3,30%;0,50%
CDN;2020;T2;2419;2071;30;318;85,60%;14,40%;0,50%
CS311;2020;T2;6102;5807;45;250;95,20%;4,80%;0,50%
IBSG;2020;T2;310;226;0;84;72,90%;27,10%;0,50%
LAC;2020;T2;1439;488;20;931;33,90%;66,10%;0,50%
LAS;2020;T2;2312;2248;21;43;97,20%;2,80%;0,50%
MHM;2020;T2;1310;1200;12;98;91,60%;8,40%;0,50%
OUT;2020;T2;1021;1007;0;14;98,60%;1,40%;0,50%
RDP;2020;T2;3565;2462;54;1049;69,10%;30,90%;0,50%
RPP;2020;T2;4545;4258;49;238;93,70%;6,30%;0,50%
SL;2020;T2;7978;7825;49;104;98,10%;1,90%;0,50%
SLÉ;2020;T2;3022;2906;24;92;96,20%;3,80%;0,50%
S-O;2020;T2;7270;7079;61;130;97,40%;2,60%;0,50%
ANJ;2020;T3;2301;2188;7;106;95,10%;4,90%;0,50%
CDN;2020;T3;447;344;2;101;77,00%;23,00%;0,50%
CS311;2020;T3;10281;10073;39;169;98,00%;2,00%;0,50%
IBSG;2020;T3;327;140;1;186;42,80%;57,20%;0,50%
LAC;2020;T3;317;48;1;268;15,10%;84,90%;0,50%
LAS;2020;T3;2063;1912;8;143;92,70%;7,30%;0,50%
MHM;2020;T3;845;823;3;19;97,40%;2,60%;0,50%
OUT;2021;T3;2;1;0;1;50,00%;50,00%;0,50%
RDP;2020;T3;684;561;2;121;82,00%;18,00%;0,50%
RPP;2020;T3;973;905;7;61;93,00%;7,00%;0,50%
SL;2020;T3;7879;7652;38;189;97,10%;2,90%;0,50%
SLÉ;2020;T3;2341;2161;5;175;92,30%;7,70%;0,50%
S-O;2020;T3;4114;4019;14;81;97,70%;2,30%;0,50%
ANJ;2020;T4;2900;2762;28;110;95,20%;4,80%;0,50%
CDN;2020;T4;758;553;16;189;73,00%;27,00%;0,50%
CS311;2020;T4;23973;23233;211;529;96,90%;3,10%;0,50%
IBSG;2020;T4;128;46;1;81;35,90%;64,10%;0,50%
LAS;2020;T4;763;687;4;72;90,00%;10,00%;0,50%
MHM;2020;T4;1043;970;8;65;93,00%;7,00%;0,50%
RDP;2020;T4;538;456;7;75;84,80%;15,20%;0,50%
RPP;2020;T4;4043;3938;25;80;97,40%;2,60%;0,50%
SL;2020;T4;6643;6459;72;112;97,20%;2,80%;0,50%
SLÉ;2020;T4;1286;1077;16;193;83,70%;16,30%;0,50%
S-O;2020;T4;2735;2609;28;98;95,40%;4,60%;0,50%
ANJ;2021;T1;1033;991;5;37;95,90%;4,10%;0,50%
CDN;2021;T1;792;705;5;82;89,00%;11,00%;0,50%
CS311;2021;T1;16004;15630;80;294;97,70%;2,30%;0,50%
LAS;2021;T1;711;607;8;96;85,40%;14,60%;0,50%
MHM;2021;T1;60;57;0;3;95,00%;5,00%;0,50%
RPP;2021;T1;1030;1017;4;9;98,70%;1,30%;0,50%
SL;2021;T1;3111;3016;29;66;96,90%;3,10%;0,50%
SLÉ;2021;T1;1193;955;8;230;80,10%;19,90%;0,50%
S-O;2021;T1;1997;1933;17;47;96,80%;3,20%;0,50%
ANJ;2021;T2;1 963;1 852;18;93;94,30%;5,70%;0,50%
CDN;2021;T2;1 469;1 215;18;236;82,70%;17,30%;0,50%
CS311;2021;T2;33 839;33 144;215;480;97,90%;2,10%;0,50%
LAS;2021;T2;1 346;1 282;5;59;95,20%;4,80%;0,50%
MHM;2021;T2;374;353;5;16;94,40%;5,60%;0,50%
RPP;2021;T2;1 921;1 886;4;31;98,20%;1,80%;0,50%
SL;2021;T2;9 278;8 998;86;194;97,00%;3,00%;0,50%
SLÉ;2021;T2;1 606;1 341;13;252;83,50%;16,50%;0,50%
SO;2021;T2;1 916;1 846;11;59;96,30%;3,70%;0,50%
ANJ;2021;T3;1390;1323;10;57;95,18%;4,82%;0,50%
CDN;2021;T3;558;357;8;193;63,98%;36,02%;0,50%
CS311;2021;T3;33445;32682;226;537;97,72%;2,28%;0,50%
LAS;2021;T3;598;574;3;21;95,99%;4,01%;0,50%
MHM;2021;T3;264;254;2;8;96,21%;3,79%;0,50%
RPP;2021;T3;2678;2612;8;58;97,54%;2,46%;0,50%
SL;2021;T3;7825;7517;85;223;96,06%;3,94%;0,50%
SLÉ;2021;T3;1290;1035;15;240;80,23%;19,77%;0,50%
SO;2021;T3;2344;2240;20;84;95,56%;4,44%;0,50%
ANJ;2021;T4;1194;1099;12;83;92,04%;7,96%;0,50%
CDN;2021;T4;2132;1646;35;451;77,20%;22,80%;0,50%
CS311;2021;T4;24967;24250;242;475;97,13%;2,87%;0,50%
LAS;2021;T4;1017;973;10;34;95,67%;4,33%;0,50%
MHM;2021;T4;401;390;7;4;97,26%;2,74%;0,50%
RPP;2021;T4;1526;1481;11;34;97,05%;2,95%;0,50%
SL;2021;T4;3985;3765;72;148;94,48%;5,52%;0,50%
SLÉ;2021;T4;3590;3053;58;479;85,04%;14,96%;0,50%
SO;2021;T4;1777;1691;21;65;95,16%;4,84%;0,50%
ANJ;2022;T1;2269;1418;55;796;62,49%;37,51%;0,50%
CDN;2022;T1;2045;1839;30;176;89,93%;10,07%;0,50%
CS311;2022;T1;2394;2203;15;176;92,02%;7,98%;0,50%
LAS;2022;T1;3276;3040;51;185;92,80%;7,20%;0,50%
RPP;2022;T1;730;694;9;27;95,07%;4,93%;0,50%
SL;2022;T1;4491;4277;46;168;95,23%;4,77%;0,50%
SLÉ;2022;T1;1915;1851;9;55;96,66%;3,34%;0,50%
SO;2022;T1;26592;25822;276;494;97,10%;2,90%;0,50%
ANJ;2022;T2;3352;2640;28;684;78.76%;21.24%;0.50%
CDN;2022;T2;3218;2941;19;258;91.39%;8.61%;0.50%
CS311;2022;T2;2507;2377;15;115;94.81%;5.19%;0.50%
LAS;2022;T2;2450;2358;23;69;96.24%;3.76%;0.50%
RPP;2022;T2;507;491;1;15;96.84%;3.16%;0.50%
SLA;2022;T2;5668;5490;46;132;96.86%;3.14%;0.50%
SLÉ;2022;T2;892;871;2;19;97.65%;2.35%;0.50%
SO;2022;T2;27110;26500;153;457;97.75%;2.25%;0.50%
